﻿num,Catalyst,Type
0,O=C(O)[C@@H]1CCCN1,Secondary Amine
1,O=C(O)[C@H]1NCC[C@@H]1O,Secondary Amine
2,O=C(O)[C@H]1C[C@@H](O)CN1,Secondary Amine
3,O=C(O)[C@@H]1C[C@@H](O)CN1,Secondary Amine
4,C1CN[C@H](CN2CCCC2)C1,Secondary Amine
5,CC1(C)SCN[C@@H]1C(=O)O,Secondary Amine
6,O=C(O)[C@@H]1C[C@H](O)CN1,Secondary Amine
7,C1CN[C@H](C[NH+]2CCCC2)C1,Secondary Amine
8,O=C(O)[C@H]1CCCN1,Secondary Amine
9,O=C(O)[C@@H]1CCCCN1,Secondary Amine
10,COC[C@@H]1CCCN1,Secondary Amine
11,CC1(C)SCNC1C(=O)O,Secondary Amine
12,CC(C)(C)[Si](C)(C)O[C@H]1CN[C@H](C(=O)O)C1,Secondary Amine
13,N[C@@H](CO)C(=O)O,Primary Amine
14,C[C@H](N)C(=O)O,Primary Amine
15,CC(C)[C@H](N)C(=O)O,Primary Amine
16,CCC[C@H](N)C(=O)O,Primary Amine
17,CC[C@H](N)C(=O)O,Primary Amine
18,N[C@@H](Cc1ccccc1)C(=O)O,Primary Amine
19,C[C@H](N)c1nnn[nH]1,Primary Amine
20,N[C@@H](CC(=O)O)C(=O)O,Primary Amine
21,CC(C)C[C@H](N)C(=O)O,Primary Amine
22,CC[C@H](C)[C@H](N)C(=O)O,Primary Amine
23,C[C@@H](N)C(=O)O,Primary Amine
24,C1CN[C@H](c2nnn[nH]2)C1,Secondary Amine
25,CS(=O)(=O)NC(=O)[C@@H]1CCCN1,Secondary Amine
26,O=C(NS(=O)(=O)c1ccccc1)[C@@H]1CCCN1,Secondary Amine
27,Cc1ccc(S(=O)(=O)NC(=O)[C@@H]2CCCN2)cc1,Secondary Amine
28,O=S(=O)(NC[C@@H]1CCCN1)C(F)(F)F,Secondary Amine
29,CC(C)(C)O[C@H]1CN[C@H](C(=O)O)C1,Secondary Amine
30,O=C(O)[C@@H]1CSCN1,Secondary Amine
31,CN1C[C@H](Cc2ccccc2)NC1C(=O)O,Secondary Amine
32,CN1C(=O)[C@H](Cc2ccccc2)N[C@@H]1C(C)(C)C,Secondary Amine
33,O=C(OCc1ccccc1)[C@@H]1CCCN1,Secondary Amine
34,COC(=O)[C@@H]1CCCN1,Secondary Amine
35,OC[C@@H]1CCCN1,Secondary Amine
36,OC(c1ccccc1)(c1ccccc1)[C@@H]1CCCN1,Secondary Amine
37,C[C@@H]1CC[C@@H](C)N1,Secondary Amine
38,C[Si](C)(C)OC(c1cc(C(F)(F)F)cc(C(F)(F)F)c1)(c1cc(C(F)(F)F)cc(C(F)(F)F)c1)[C@@H]1CCCN1,Secondary Amine
39,O=S(=O)(N[C@@H]1CNC[C@H]1NS(=O)(=O)C(F)(F)F)C(F)(F)F,Secondary Amine
40,O=C(O)c1cc2ccccc2c2c1CNCc1ccc3ccccc3c1-2,Secondary Amine
41,CS(=O)(=O)Nc1cc2ccccc2c2c1CNCc1ccc3ccccc3c1-2,Secondary Amine
42,O=S(=O)(Nc1cc2ccccc2c2c1CNCc1ccc3ccccc3c1-2)C(F)(F)F,Secondary Amine
43,C[C@@H]1C[C@@H](C(=O)O)CN1,Secondary Amine
44,O=C(O)[C@@H]1CCNC1,Secondary Amine
45,O=S(=O)(NC[C@H]1CCNC1)C(F)(F)F,Secondary Amine
46,O=C(O)[C@H]1CCNC1,Secondary Amine
47,N[C@@H](Cc1c[nH]c2ccccc12)C(=O)O,Primary Amine
48,C[C@@H](O)[C@H](N)C(=O)O,Primary Amine
49,C[C@@H](OC(C)(C)C)[C@H](N)C(=O)O,Primary Amine
50,CC(C)(C)Oc1ccc(C[C@H](N)C(=O)O)cc1,Primary Amine
51,C[Si](C)(C)OC(c1ccccc1)(c1ccccc1)[C@@H]1CCCN1,Primary Amine
52,C[Si](C)(C)OC(c1ccc2ccccc2c1)(c1ccc2ccccc2c1)[C@@H]1CCCN1,Primary Amine
53,CC(C)[C@H](N)CC(=O)O,Primary Amine
54,C[C@H](N)CC(=O)O,Primary Amine
55,N[C@H](CC(=O)O)c1ccccc1,Primary Amine
56,C[C@@H](O[Si](C)(C)C(C)(C)C)[C@H](N)C(=O)O,Primary Amine
57,CC(C)[Si](OC[C@H](N)C(=O)O)(C(C)C)C(C)C,Primary Amine
58,CC(C)(C)[Si](OC[C@H](N)C(=O)O)(c1ccccc1)c1ccccc1,Primary Amine
59,CC(C)(C)[Si](C)(C)OC[C@H](N)C(=O)O,Primary Amine
60,CC(C)[Si](O[C@H](C)[C@H](N)C(=O)O)(C(C)C)C(C)C,Primary Amine
61,C[C@@H](O[Si](c1ccccc1)(c1ccccc1)C(C)(C)C)[C@H](N)C(=O)O,Primary Amine
62,O=C(O)[C@]1(c2ccc3ccccc3c2)CCCN1,Secondary Amine
63,N[C@@H](Cc1cccc2ccccc12)C(=O)O,Primary Amine
64,O=C(O)[C@@H]1Cc2ccccc2CN1,Secondary Amine
65,N[C@H](Cc1ccc2ccccc2c1)C(=O)O,Primary Amine
66,CC(C)(C)[Si](O[C@H]1CN[C@H](C(=O)O)C1)(c1ccccc1)c1ccccc1,Secondary Amine
67,C=C[C@@H]1C[N@@]2CC[C@H]1C[C@@H]2[C@@H](O)c1ccnc2ccccc12,Cinchona Alkaloid
68,C=C[C@H]1C[N@@]2CC[C@H]1C[C@H]2[C@H](O)c1ccnc2ccccc12,Cinchona Alkaloid
69,C=C[C@@H]1C[N@@]2CC[C@H]1C[C@@H]2[C@@H](O)c1ccnc2ccc(OC)cc12,Cinchona Alkaloid
70,CC[C@@H]1C[N@@]2CC[C@H]1C[C@@H]2[C@@H](O)c1ccnc2ccc(OC)cc12,Cinchona Alkaloid
71,C=C[C@H]1C[N@@]2CC[C@H]1C[C@H]2[C@H](O)c1ccnc2ccc(OC)cc12,Cinchona Alkaloid
72,CC[C@H]1C[N@@]2CC[C@H]1CC2[C@@H](NC(=S)Nc1cc(C(F)(F)F)cc(C(F)(F)F)c1)c1ccnc2ccc(OC)cc12,(Thio)Urea
73,C=C[C@H]1C[N@@]2CC[C@H]1C[C@H]2[C@@H](NC(=S)Nc1ccc(C(C)(C)C)cc1)c1ccnc2ccc(OC)cc12,(Thio)Urea
74,C=C[C@H]1C[N@@]2CC[C@H]1C[C@H]2[C@@H](NC(=S)Nc1ccccc1C(C)C)c1ccnc2ccc(OC)cc12,(Thio)Urea
75,C=C[C@H]1C[N@@]2CC[C@H]1C[C@H]2[C@@H](NC(=S)Nc1ccccc1)c1ccnc2ccc(OC)cc12,(Thio)Urea
76,C=C[C@H]1C[N@@]2CC[C@H]1C[C@H]2[C@@H](NC(=S)Nc1cc(C(F)(F)F)cc(C(F)(F)F)c1)c1ccnc2ccc(OC)cc12,(Thio)Urea
77,C=C[C@@H]1C[N@]2CC[C@@H]1C[C@@H]2[C@H](NC(=S)Nc1cc(C(F)(F)F)cc(C(F)(F)F)c1)c1ccnc2ccc(OC)cc12,(Thio)Urea
78,C=C[C@H]1C[N@@]2CC[C@H]1C[C@H]2[C@@H](NC(=S)Nc1cc(C(F)(F)F)cc(C(F)(F)F)c1)c1ccnc2ccccc12,(Thio)Urea
79,CC[C@]12C[N@@]3CC[C@H]1CC3[C@H](c1ccnc3ccc(NC(=S)Nc4cc(C(F)(F)F)cc(C(F)(F)F)c4)cc13)O2,(Thio)Urea
80,C=C[C@H]1C[N@]2CC[C@H]1CC2[C@H](NC(=S)Nc1cc(C(F)(F)F)cc(C(F)(F)F)c1)c1ccnc2ccccc12,(Thio)Urea
81,C=C[C@@H]1C[N@@]2CC[C@H]1C[C@@H]2[C@H](NC(=S)Nc1cc(C(F)(F)F)cc(C(F)(F)F)c1)c1ccnc2ccc(OC)cc12,(Thio)Urea
82,C=C[C@H]1C[N@]2CC[C@@H]1C[C@H]2[C@@H](NC(=S)Nc1cc(C(F)(F)F)cc(C(F)(F)F)c1)c1ccnc2ccc(OC)cc12,(Thio)Urea
83,C=C[C@@H]1C[N@+]2(Cc3ccccc3C#N)CC[C@H]1C[C@H]2[C@H](O)c1ccnc2ccc(OC)cc12,Cinchona Alkaloid
84,C=C[C@@H]1C[N@+]2(Cc3ccccc3C(F)(F)F)CC[C@H]1C[C@H]2[C@H](O)c1ccnc2ccc(OC)cc12,Cinchona Alkaloid
85,C=C[C@H]1C[N@@+]2(Cc3ccccc3C#N)CC[C@@H]1C[C@@H]2[C@@H](O)c1ccnc2ccc(OC)cc12,Cinchona Alkaloid
86,CC[C@@H]1C[N@@]2CC[C@H]1C[C@@H]2[C@@H](Oc1ccc(O[C@@H](c2ccnc3ccc(OC)cc23)[C@H]2C[C@@H]3CC[N@]2C[C@H]3CC)nn1)c1ccnc2ccc(OC)cc12,Cinchona Alkaloid
87,CCC1C[N@@]2CC[C@H]1C[C@H]2[C@H](Oc1cc(C)c2ccccc2n1)c1ccnc2ccc(OC)cc12,Cinchona Alkaloid
88,CC[C@@H]1C[N@@]2CC[C@H]1C[C@@H]2[C@@H](Oc1ccc(O[C@@H](c2ccnc3ccc(OC)cc23)[C@H]2C[C@@H]3CC[N@]2C[C@H]3CC)c2c1C(=O)c1ccccc1C2=O)c1ccnc2ccc(OC)cc12,Cinchona Alkaloid
89,CC[C@@H]1C[N@@]2CC[C@H]1C[C@@H]2[C@@H](Oc1cc2ccccc2c2ccccc12)c1ccnc2ccc(OC)cc12,Cinchona Alkaloid
90,CC[C@@H]1C[N@@]2CC[C@H]1C[C@@H]2[C@@H](Oc1nc(-c2ccccc2)nc(O[C@@H](c2ccnc3ccc(OC)cc23)[C@H]2C[C@@H]3CC[N@]2C[C@H]3CC)c1-c1ccccc1)c1ccnc2ccc(OC)cc12,Cinchona Alkaloid
91,CC[C@H]1C[N@]2CC[C@@H]1C[C@H]2[C@H](Oc1nc(-c2ccccc2)nc(O[C@H](c2ccnc3ccc(OC)cc23)[C@@H]2C[C@H]3CC[N@@]2C[C@@H]3CC)c1-c1ccccc1)c1ccnc2ccc(OC)cc12,Cinchona Alkaloid
92,CN(C)[C@@H]1CCCC[C@H]1NC(=S)Nc1cc(C(F)(F)F)cc(C(F)(F)F)c1,(Thio)Urea
93,CC(C)(C)C(=O)Oc1cc(/C=N/[C@@H]2CCCC[C@H]2NC(=S)N[C@H](C(=O)NCc2ccccc2)C(C)(C)C)c(O)c(C(C)(C)C)c1,(Thio)Urea
94,CN(Cc1ccccc1)C(=O)[C@@H](NC(=S)N[C@@H]1CCCC[C@H]1/N=C/c1cc(C(C)(C)C)cc(C(C)(C)C)c1O)C(C)(C)C,(Thio)Urea
95,O=P1(O)Oc2ccc3ccccc3c2-c2c(ccc3ccccc23)O1,BA
96,O=P1(O)Oc2c(-c3ccccc3)cc3ccccc3c2-c2c(c(-c3ccccc3)cc3ccccc23)O1,BA
97,Cc1cc(C)c(-c2cc3ccccc3c3c2OP(=O)(O)Oc2c(-c4c(C)cc(C)cc4C)cc4ccccc4c2-3)c(C)c1,BA
98,COc1ccc(-c2cc3ccccc3c3c2OP(=O)(O)Oc2c(-c4ccc(OC)cc4)cc4ccccc4c2-3)cc1,BA
99,O=[N+]([O-])c1ccc(-c2cc3ccccc3c3c2OP(=O)(O)Oc2c(-c4ccc([N+](=O)[O-])cc4)cc4ccccc4c2-3)cc1,BA
100,O=P1(O)OC(c2ccccc2)(c2ccccc2)[C@@H]2OCO[C@H]2C(c2ccccc2)(c2ccccc2)O1,BA
101,O=P1(O)OC(c2ccc(-c3ccccc3)cc2)(c2ccc(-c3ccccc3)cc2)[C@@H]2OCO[C@H]2C(c2ccc(-c3ccccc3)cc2)(c2ccc(-c3ccccc3)cc2)O1,BA
102,O=P1(O)OC(c2ccc(F)cc2)(c2ccc(F)cc2)[C@@H]2OCO[C@H]2C(c2ccc(F)cc2)(c2ccc(F)cc2)O1,BA
103,O=P1(O)OC(c2ccc(C(F)(F)F)cc2)(c2ccc(C(F)(F)F)cc2)[C@@H]2OCO[C@H]2C(c2ccc(C(F)(F)F)cc2)(c2ccc(C(F)(F)F)cc2)O1,BA
104,CC1(C)O[C@@H]2[C@@H](O1)C(c1ccc(C(F)(F)F)cc1)(c1ccc(C(F)(F)F)cc1)OP(=O)(O)OC2(c1ccc(C(F)(F)F)cc1)c1ccc(C(F)(F)F)cc1,BA
105,O=P1(O)OC(c2ccc(C(F)(F)F)cc2)(c2ccc(C(F)(F)F)cc2)[C@@H]2OC(c3ccccc3)O[C@H]2C(c2ccc(C(F)(F)F)cc2)(c2ccc(C(F)(F)F)cc2)O1,BA
106,O=P1(O)OC(c2ccc(C(F)(F)F)cc2)(c2ccc(C(F)(F)F)cc2)[C@@H]2OC(c3cccc4ccccc34)O[C@H]2C(c2ccc(C(F)(F)F)cc2)(c2ccc(C(F)(F)F)cc2)O1,BA
107,O=S(=O)(C(c1ccc2ccccc2c1-c1c(O)ccc2ccccc12)S(=O)(=O)C(F)(F)F)C(F)(F)F,BA
108,Oc1ccc2ccccc2c1-c1c(O)ccc2ccccc12,BA
109,O=P1(O)Oc2c(-c3ccc(-c4ccccc4)cc3)cc3ccccc3c2-c2c(c(-c3ccc(-c4ccccc4)cc3)cc3ccccc23)O1,BA
110,O=P1(O)Oc2c(-c3ccc(-c4ccc5ccccc5c4)cc3)cc3ccccc3c2-c2c(c(-c3ccc(-c4ccc5ccccc5c4)cc3)cc3ccccc23)O1,BA
111,O=P1(O)Oc2c(-c3ccc4ccccc4c3)cc3ccccc3c2-c2c(c(-c3ccc4ccccc4c3)cc3ccccc23)O1,BA
112,O=P1(O)Oc2c(-c3cc(C(F)(F)F)cc(C(F)(F)F)c3)cc3ccccc3c2-c2c(c(-c3cc(C(F)(F)F)cc(C(F)(F)F)c3)cc3ccccc23)O1,BA
113,O=P1(O)Oc2c(-c3c4ccccc4cc4ccccc34)cc3ccccc3c2-c2c(c(-c3c4ccccc4cc4ccccc34)cc3ccccc23)O1,BA
114,O=P1(O)Oc2c(-c3ccc(F)cc3)cc3ccccc3c2-c2c(c(-c3ccc(F)cc3)cc3ccccc23)O1,BA
115,O=P1(O)Oc2c(-c3ccc(Cl)cc3)cc3ccccc3c2-c2c(c(-c3ccc(Cl)cc3)cc3ccccc23)O1,BA
116,O=P1(O)Oc2c(-c3ccccc3)cc3c(c2-c2c4c(cc(-c5ccccc5)c2O1)CCCC4)CCCC3,BA
117,O=P1(O)Oc2c(-c3ccc(F)cc3)cc3c(c2-c2c4c(cc(-c5ccc(F)cc5)c2O1)CCCC4)CCCC3,BA
118,O=P1(O)Oc2c(-c3ccc(Cl)cc3)cc3c(c2-c2c4c(cc(-c5ccc(Cl)cc5)c2O1)CCCC4)CCCC3,BA
119,O=C(NS(=O)(=O)c1ccc([N+](=O)[O-])cc1)[C@@H]1CCCN1,Secondary Amine
120,CCCCc1ccc(S(=O)(=O)NC(=O)[C@@H]2CCCN2)cc1,Secondary Amine
121,CCCCCCCCCC(=O)O[C@H]1CN[C@H](C(=O)O)C1,Secondary Amine
122,CS(=O)(=O)N[C@@H]1CCNC1,Secondary Amine
123,O=[N+]([O-])c1ccc(S(=O)(=O)N[C@@H]2CCNC2)cc1,Secondary Amine
124,O=S(=O)(N[C@@H]1CCNC1)C(F)(F)F,Secondary Amine
125,O=S(=O)(N[C@@H]1CCNC1)C(F)(F)C(F)(F)C(F)(F)C(F)(F)F,Secondary Amine
126,C[C@H]1C[C@H](c2nnn[nH]2)CN1,Secondary Amine
127,C[C@@H]1NCC[C@H]1C(=O)O,Secondary Amine
128,C[C@H]1CCCN1,Secondary Amine
129,O=C(O)C1CCCC1,Misc
130,C1CCNC1,Secondary Amine
131,O[C@@H]1CCNC1,Secondary Amine
132,COC(=O)[C@@H]1CCNC1,Secondary Amine
133,O=C(O)[C@@H]1CCCNC1,Secondary Amine
134,O=C(O)[C@@H]1CCN1,Secondary Amine
135,CC(C)(C)[Si](O[C@H]1CN[C@H](c2nnn[nH]2)C1)(c1ccccc1)c1ccccc1,Secondary Amine
136,C=C[C@@H]1C[N@]2CC[C@@H]1C[C@@H]2[C@@H](O)c1ccnc2ccc(OC)cc12,Cinchona Alkaloid
137,CC[C@@H]1C[N@]2CC[C@@H]1C[C@@H]2[C@@H](O)c1ccnc2ccc(OC)cc12,Cinchona Alkaloid
138,C=C[C@H]1CN2CC[C@H]1C[C@H]2[C@H](O)c1ccnc2ccc(OC)cc12,Cinchona Alkaloid
139,C=C[C@H]1CN2CC[C@H]1C[C@H]2[C@H](O[Si](C)(C)C)c1ccnc2ccc(OC)cc12,Cinchona Alkaloid
140,C=C[C@H]1CN2CC[C@H]1C[C@H]2[C@H](N)c1ccnc2ccc(OC)cc12,Cinchona Alkaloid
141,C=C[C@H]1CN2CC[C@H]1C[C@H]2[C@H](OCc1ccccc1)c1ccnc2ccc(OC)cc12,Cinchona Alkaloid
142,C=C[C@H]1CN2CC[C@H]1C[C@H]2[C@H](O[Si](C)(C)C(C)(C)C)c1ccnc2ccc(OC)cc12,Cinchona Alkaloid
143,C=C[C@H]1CN2CC[C@H]1C[C@H]2[C@H](O[Si](c1ccccc1)(c1ccccc1)c1ccccc1)c1ccnc2ccc(OC)cc12,Cinchona Alkaloid
144,C=C[C@H]1CN2CC[C@H]1C[C@@H]2[C@@H](O)c1ccnc2ccc(OC)cc12,Cinchona Alkaloid
145,C=C[C@H]1CN2CC[C@H]1C[C@@H]2[C@@H](O[Si](C)(C)C)c1ccnc2ccc(OC)cc12,Cinchona Alkaloid
146,C=C[C@H]1CN2CC[C@H]1C[C@@H]2[C@@H](O[Si](C)(C)C)c1ccnc2ccccc12,Cinchona Alkaloid
147,C=C[C@H]1CN2CC[C@H]1C[C@H]2[C@H](NC(=S)Nc1cc(C(F)(F)F)cc(C(F)(F)F)c1)c1ccnc2ccc(OC)cc12,(Thio)Urea
148,O=S(=O)(Nc1cc2ccccc2c2c1CNCc1ccc3ccccc3c1-2)c1c(F)c(F)c(F)c(F)c1F,Secondary Amine
149,O=C(NC(c1ccccc1)c1ccccc1)[C@@H]1CCCCN1/C(=N/C1CCCCC1)NC1CCCCC1,Misc
150,O=C(NC(c1ccccc1)C(NC(=O)[C@@H]1CCCCN1/C(=N/C1CCCCC1)NC1CCCCC1)c1ccccc1)[C@@H]1CCCCN1/C(=N/C1CCCCC1)NC1CCCCC1,Misc
151,O=C(NC1CCCCC1NC(=O)[C@@H]1CCCCN1/C(=N/C1CCCCC1)NC1CCCCC1)[C@@H]1CCCCN1/C(=N/C1CCCCC1)NC1CCCCC1,Misc
152,O=C(Nc1ccccc1NC(=O)[C@@H]1CCCCN1/C(=N/C1CCCCC1)NC1CCCCC1)[C@@H]1CCCCN1/C(=N/C1CCCCC1)NC1CCCCC1,Misc
153,CC(C)(C)[C@H]1CN2C[C@H](C(C)(C)C)NC2=N1,Secondary Amine
154,C=C[C@@H]1C[N@@]2CC[C@H]1CC2[C@H](NC(=S)Nc1cc(C(F)(F)F)cc(C(F)(F)F)c1)c1ccnc2ccccc12,(Thio)Urea
155,C=C[C@@H]1C[N@@]2CC[C@H]1CC2[C@@H](NC(=S)Nc1cc(C(F)(F)F)cc(C(F)(F)F)c1)c1ccnc2ccc(OC)cc12,(Thio)Urea
156,CN(C)[C@H](c1ccccc1)[C@H](NC(=S)Nc1cc(C(F)(F)F)cc(C(F)(F)F)c1)c1ccccc1,(Thio)Urea
157,CN(C)[C@H](c1ccccc1)[C@H](NC(=S)Nc1ccc(C(F)(F)F)cc1)c1ccccc1,(Thio)Urea
158,CN(C)[C@H](c1ccccc1)[C@H](NC(=S)Nc1ccc(F)cc1)c1ccccc1,(Thio)Urea
159,C=C[C@H]1C[N@@]2CC[C@H]1C[C@@H]2[C@H](NC(=S)Nc1cc(C(F)(F)F)cc(C(F)(F)F)c1)c1ccnc2ccc(OC)cc12,(Thio)Urea
160,C=C[C@H]1C[N@@]2CC[C@H]1C[C@@H]2[C@H](NC(=S)NC1Cc2ccccc2C1O)c1ccnc2ccc(OC)cc12,(Thio)Urea
161,C=C[C@H]1C[N@@]2CC[C@H]1C[C@@H]2[C@H](NS(=O)(=O)c1ccc(C)cc1)c1ccnc2ccc(OC)cc12,Cinchona Alkaloid
162,CCN(CC)C[C@H](Cc1c[nH]c2ccccc12)NC(=S)Nc1cc(C(F)(F)F)cc(C(F)(F)F)c1,(Thio)Urea
163,CCN(CC)C[C@H](Cc1c[nH]c2ccccc12)NC(=S)Nc1ccc(F)cc1,(Thio)Urea
164,CCN(CC)C[C@H](Cc1c[nH]c2ccccc12)NC(=S)Nc1ccc([N+](=O)[O-])cc1,(Thio)Urea
165,CC[C@H]1C[N@]2CC[C@H]1CC2[C@@H](NC(=S)Nc1cc(C(F)(F)F)cc(C(F)(F)F)c1)c1ccnc2ccc(OC)cc12,(Thio)Urea
166,CC[C@H]1C[N@@]2CC[C@H]1CC2[C@@H](NC(=O)Nc1cc(C(F)(F)F)cc(C(F)(F)F)c1)c1ccnc2ccc(OC)cc12,(Thio)Urea
167,CC[C@H]1C[N@@]2CC[C@H]1CC2[C@@H](NC(=O)Nc1cc(C)cc(C)c1)c1ccnc2ccc(OC)cc12,(Thio)Urea
168,CC[C@H]1C[N@@]2CC[C@H]1CC2[C@@H](NC(=O)Nc1ccccc1)c1ccnc2ccc(OC)cc12,(Thio)Urea
169,FC(F)(F)c1cc(NC(=S)N[C@H]2CCCC[C@@H]2N2Cc3ccc4ccccc4c3-c3c(ccc4ccccc34)C2)cc(C(F)(F)F)c1,(Thio)Urea
170,O=C(Nc1cc(C(F)(F)F)cc(C(F)(F)F)c1)N[C@H]1CCCC[C@@H]1N1Cc2ccc3ccccc3c2-c2c(ccc3ccccc23)C1,(Thio)Urea
171,S=C(N[C@H]1CCCC[C@@H]1N1Cc2ccc3ccccc3c2-c2c(ccc3ccccc23)C1)N[C@H]1CCCC[C@@H]1N1Cc2ccc3ccccc3c2-c2c(ccc3ccccc23)C1,(Thio)Urea
172,O=S(=O)(N[C@H]1CCCC[C@@H]1N1Cc2ccc3ccccc3c2-c2c(ccc3ccccc23)C1)Oc1ccccc1O,Misc
173,C=C[C@@H]1C[N@@]2CC[C@H]1C[C@H]2[C@@H](NC(=S)Nc1cc(C(F)(F)F)cc(C(F)(F)F)c1)c1ccnc2ccc(OC)cc12,(Thio)Urea
174,C=C[C@@H]1C[N@@]2CC[C@H]1CC2[C@@H](NC(=S)N[C@@H](c1ccnc2ccc(OC)cc12)[C@@H]1C[C@@H]2CC[N@]1C[C@H]2C=C)c1ccnc2ccccc12,(Thio)Urea
175,CN(C)[C@H]1CCCC[C@@H]1NC(=S)Nc1cc(C(F)(F)F)cc(C(F)(F)F)c1,(Thio)Urea
176,C=C[C@@H]1C[N@]2CC[C@@H]1CC2[C@H](NC(=S)Nc1cc(C(F)(F)F)cc(C(F)(F)F)c1)c1ccnc2ccccc12,(Thio)Urea
177,COc1ccc(NC(=S)N[C@H]2CN[C@H](CO[Si](c3ccccc3)(c3ccccc3)C(C)(C)C)C2)cc1,Misc
178,CC(C)(C)[Si](OC[C@@H]1C[C@@H](NC(=S)Nc2ccccc2)CN1)(c1ccccc1)c1ccccc1,Misc
179,CC(C)(C)[Si](OC[C@@H]1C[C@@H](NC(=S)Nc2cc(C(F)(F)F)cc(C(F)(F)F)c2)CN1)(c1ccccc1)c1ccccc1,Misc
180,CC[Si](CC)(CC)OC[C@@H]1C[C@@H](NC(=S)Nc2cc(C(F)(F)F)cc(C(F)(F)F)c2)CN1,Misc
181,CC(C)(C)[Si](C)(C)OC[C@@H]1C[C@@H](NC(=S)Nc2cc(C(F)(F)F)cc(C(F)(F)F)c2)CN1,Misc
182,FC(F)(F)c1cc(NC(=S)N[C@H]2CN[C@H](CS(c3ccccc3)(c3ccccc3)c3ccccc3)C2)cc(C(F)(F)F)c1,Misc
183,Cc1ccc(S(=O)(=O)N[C@H]2CN[C@H](CO[Si](c3ccccc3)(c3ccccc3)C(C)(C)C)C2)cc1,Misc
184,CC(C)(C)[Si](OC[C@@H]1C[C@@H](NS(=O)(=O)C(F)(F)F)CN1)(c1ccccc1)c1ccccc1,Misc
185,CC(C)(C)[Si](OC[C@@H]1C[C@@H](NS(=O)(=O)c2cc(C(F)(F)F)cc(C(F)(F)F)c2)CN1)(c1ccccc1)c1ccccc1,Misc
186,C=C[C@@H]1C[N@+]2(Cc3ccccc3C#N)CC[C@H]1C[C@@H]2[C@H](O)c1ccnc2ccc(OC)cc12,Cinchona Alkaloid
187,C=C[C@@H]1C[N@+]2(Cc3ccccc3C(F)(F)F)CC[C@H]1C[C@@H]2[C@H](O)c1ccnc2ccc(OC)cc12,Cinchona Alkaloid
188,C=C[C@@H]1C[N@+]2(Cc3c(F)cccc3F)CC[C@H]1C[C@@H]2[C@H](O)c1ccnc2ccc(OC)cc12,Cinchona Alkaloid
189,C=C[C@@H]1C[N@+]2(Cc3ccccc3[N+](=O)[O-])CC[C@H]1C[C@@H]2[C@H](O)c1ccnc2ccc(OC)cc12,Cinchona Alkaloid
190,C=C[C@@H]1C[N@+]2(Cc3ccccc3OC)CC[C@H]1C[C@@H]2[C@H](O)c1ccnc2ccc(OC)cc12,Cinchona Alkaloid
191,C=C[C@@H]1C[N@+]2(Cc3ccccc3OC)CC[C@H]1C[C@@H]2[C@@H](O)c1ccnc2ccc(OC)cc12,Cinchona Alkaloid
192,CC(C)(C)[Si](OC[C@@H]1C[C@@H](NS(C)(=O)=O)CN1)(c1ccccc1)c1ccccc1,Secondary Amine
193,FC(F)(F)c1cc(NC(=S)N[C@@H]2CCNC2)cc(C(F)(F)F)c1,Misc
194,FC(F)(F)c1cc(NC(=S)NC[C@@H]2CCCN2)cc(C(F)(F)F)c1,Misc
195,C[C@H](OC(C)(C)C)[C@H](N)C(=O)O,Primary Amine
196,CC(C)[C@H](N)C(=O)N[C@@H](Cc1ccccc1)C(=O)O,Primary Amine
197,C[C@H](O)[C@H](N)C(=O)O,Primary Amine
198,CC(C)[C@H](N)c1nnn[nH]1,Primary Amine
199,CC[C@@H](C)[C@H](N)C(=O)O,Primary Amine
200,C=C[C@@H]1C[N@@]2CC[C@H]1C[C@@H]2[C@@H](OCc1cccc2ccccc12)c1ccnc2ccc(NC(=S)Nc3cc(C(F)(F)F)cc(C(F)(F)F)c3)cc12,(Thio)Urea
201,C=C[C@@H]1C[N@@]2CC[C@H]1C[C@@H]2[C@@H](OCc1cccc2ccccc12)c1ccnc2ccc(NC(=S)Nc3ccccc3)cc12,(Thio)Urea
202,C=C[C@@H]1C[N@@]2CC[C@H]1C[C@@H]2[C@@H](OCc1cccc2ccccc12)c1ccnc2ccc(NC(=O)Nc3cc(C(F)(F)F)cc(C(F)(F)F)c3)cc12,Cinchona Alkaloid
203,C=C[C@@H]1C[N@@]2CC[C@H]1C[C@@H]2[C@@H](OCc1cccc2ccccc12)c1ccnc2ccc(O)cc12,Cinchona Alkaloid
204,C=C[C@H]1C[N@@]2CC[C@H]1C[C@H]2[C@H](OCc1cccc2ccccc12)c1ccnc2ccc(NC(=S)Nc3cc(C(F)(F)F)cc(C(F)(F)F)c3)cc12,(Thio)Urea
205,C=C[C@H]1C[N@@]2CC[C@H]1C[C@H]2[C@H](OCc1ccccc1)c1ccnc2ccc(NC(=S)Nc3cc(C(F)(F)F)cc(C(F)(F)F)c3)cc12,(Thio)Urea
206,C=C[C@H]1C[N@@]2CC[C@H]1C[C@H]2[C@H](OCc1ccccc1)c1ccnc2ccc(NC(=O)Nc3cc(C(F)(F)F)cc(C(F)(F)F)c3)cc12,(Thio)Urea
207,CC[C@@H]1C[N@@]2CC[C@H]1CC2[C@@H](NC(=O)Nc1cc(C(F)(F)F)cc(C(F)(F)F)c1)c1ccnc2ccc(OC)cc12,(Thio)Urea
208,CN(C)[C@@H]1CCCC[C@H]1NC(=S)NC12C[C@H]3C[C@@H](C1)C[C@@H](C2)C3,(Thio)Urea
209,C=C[C@@H]1C[N@@]2CC[C@H]1CC2[C@@H](NC(=S)NC12C[C@H]3C[C@@H](C1)C[C@@H](C2)C3)c1ccnc2ccccc12,(Thio)Urea
210,CN(C)c1ccc2ccccc2c1-c1c(NC(=S)Nc2cc(C(F)(F)F)cc(C(F)(F)F)c2)ccc2ccccc12,(Thio)Urea
211,C=C[C@@H]1C[N@]2CCC1C[C@H]2[C@H](NC(=S)Nc1cc(C(F)(F)F)cc(C(F)(F)F)c1)c1ccnc2ccccc12,(Thio)Urea
212,C=C[C@@H]1C[N@]2CCC1C[C@@H]2[C@@H](NC(=S)Nc1cc(C(F)(F)F)cc(C(F)(F)F)c1)c1ccnc2ccc(OC)cc12,(Thio)Urea
213,C=C[C@H]1CN2CC[C@H]1C[C@@H]2[C@H](Nc1c(Nc2cc(C(F)(F)F)cc(C(F)(F)F)c2)c(=O)c1=O)c1ccnc2ccccc12,Squaramide
214,C=C[C@H]1CN2CC[C@H]1C[C@H]2[C@@H](NC(=S)N[C@@H](c1ccccc1)[C@@H](NS(C)(=O)=O)c1ccccc1)c1ccnc2ccc(OC)cc12,(Thio)Urea
215,C=C[C@H]1CN2CC[C@H]1C[C@H]2[C@@H](NC(=S)N[C@@H](c1ccccc1)[C@@H](NS(=O)(=O)c1ccc(C)cc1)c1ccccc1)c1ccnc2ccc(OC)cc12,(Thio)Urea
216,C=C[C@H]1CN2CC[C@H]1C[C@H]2[C@@H](NC(=S)N[C@@H](c1ccccc1)[C@@H](NS(=O)(=O)c1ccc([N+](=O)[O-])cc1)c1ccccc1)c1ccnc2ccc(OC)cc12,(Thio)Urea
217,C=C[C@H]1CN2CC[C@H]1C[C@H]2[C@H](NC(=S)N[C@@H](c1ccccc1)[C@@H](NS(C)(=O)=O)c1ccccc1)c1ccnc2ccccc12,(Thio)Urea
218,C=C[C@H]1CN2CC[C@H]1C[C@H]2[C@H](NC(=S)N[C@@H](c1ccccc1)[C@H](NS(C)(=O)=O)c1ccccc1)c1ccnc2ccccc12,(Thio)Urea
219,C=C[C@@H]1C[N@@]2CC[C@H]1C[C@@H]2[C@H](NC(=S)Nc1cc(C(F)(F)F)cc(C(F)(F)F)c1)c1ccnc2ccccc12,(Thio)Urea
220,CN(C)[C@@H](c1ccccc1)[C@@H](NC(=S)Nc1cc(C(F)(F)F)cc(C(F)(F)F)c1)c1ccccc1,(Thio)Urea
221,FC(F)(F)c1cc(NC(=S)N[C@H]2CCCC[C@@H]2N(CCCc2ccccc2)CCCc2ccccc2)cc(C(F)(F)F)c1,(Thio)Urea
222,Cc1ccc(S(=O)(=O)N[C@H](c2ccccc2)[C@H](NC(=S)N[C@@H]2CCCC[C@H]2N(C)C)c2ccccc2)cc1,(Thio)Urea
223,C=C[C@H]1C[N@@]2CC[C@H]1CC2[C@H](NC(=S)Nc1cc(C(F)(F)F)cc(C(F)(F)F)c1)c1ccnc2ccc(OC)cc12,(Thio)Urea
224,FC(F)(F)c1cc(NC(=S)N[C@@H]2CCCC[C@H]2N2CCCCC2)cc(C(F)(F)F)c1,(Thio)Urea
225,FC(F)(F)c1cc(NC(=S)N[C@@H]2CCCC[C@H]2N2CCCC2)cc(C(F)(F)F)c1,(Thio)Urea
226,O=c1c(Nc2cc(C(F)(F)F)cc(C(F)(F)F)c2)c(N[C@@H]2CCCC[C@H]2N2CCCC2)c1=O,Squaramide
227,C=C[C@H]1C[N@@]2CC[C@H]1CC2[C@H](NC(=S)Nc1cc(C(F)(F)F)cc(C(F)(F)F)c1)c1ccnc2ccccc12,(Thio)Urea
228,C=C[C@@H]1C[N@@]2CC[C@H]1CC2[C@@H](NC(=S)Nc1cc(C(F)(F)F)cc(C(F)(F)F)c1)c1ccnc2ccccc12,(Thio)Urea
229,CC[C@@H]1C[N@@]2CC[C@H]1CC2[C@@H](NC(=S)Nc1cc(C(F)(F)F)cc(C(F)(F)F)c1)c1ccnc2ccc(OC)cc12,(Thio)Urea
230,C=C[C@@H]1C[N@@]2CC[C@H]1CC2[C@@H](NC(=O)Nc1cc(C(F)(F)F)cc(C(F)(F)F)c1)c1ccnc2ccc(OC)cc12,(Thio)Urea
231,C=C[C@H]1C[N@@]2CC[C@H]1CC2[C@@H](O)c1ccnc2ccc(OC)cc12,Cinchona Alkaloid
232,C=C[C@H]1C[N@@]2CC[C@@H]1CC2[C@H](O)c1ccnc2ccc(C)cc12,Cinchona Alkaloid
233,C=C[C@H]1C[N@@]2CC[C@H]1CC2[C@@H](NC(=S)Nc1cc(C(F)(F)F)cc(C(F)(F)F)c1)c1ccnc2ccc(OC)cc12,(Thio)Urea
234,C=C[C@H]1C[N@@]2CC[C@H]1C[C@@H]2[C@@H](OCc1ccccc1)c1ccnc2ccc(NC(=S)Nc3cc(C(F)(F)F)cc(C(F)(F)F)c3)cc12,(Thio)Urea
235,C=C[C@H]1C[N@@]2CC[C@H]1C[C@@H]2[C@@H](Oc1cccc2ccccc12)c1ccnc2ccc(NC(=S)Nc3cc(C(F)(F)F)cc(C(F)(F)F)c3)cc12,(Thio)Urea
236,C=C[C@H]1C[N@@]2CC[C@H]1C[C@H]2[C@H](Oc1cccc2ccccc12)c1ccnc2ccc(NC(=S)Nc3cc(C(F)(F)F)cc(C(F)(F)F)c3)cc12,(Thio)Urea
237,C=C[C@H]1C[N@@]2CC[C@H]1CC2C(NC(=S)Nc1cc(C(F)(F)F)cc(C(F)(F)F)c1)c1ccnc2ccc(OC)cc12,(Thio)Urea
238,C=C[C@H]1C[N@@]2CC[C@H]1CC2C(NC(=S)Nc1cc(C(F)(F)F)cc(C(F)(F)F)c1)c1ccnc2ccccc12,(Thio)Urea
239,CC[C@H]1C[N@@]2CC[C@H]1CC2C(NC(=S)Nc1cc(C(F)(F)F)cc(C(F)(F)F)c1)c1ccnc2ccc(OC)cc12,(Thio)Urea
240,C=C[C@H]1C[N@@]2CC[C@H]1CC2[C@@H](Nc1c(Nc2cc(C(F)(F)F)cc(C(F)(F)F)c2)c(=O)c1=O)c1ccnc2ccc(OC)cc12,Squaramide
241,C=C[C@H]1C[N@@]2CC[C@H]1C[C@H]2[C@H](NC(=S)Nc1cc(C(F)(F)F)cc(C(F)(F)F)c1)c1ccnc2ccc(OC)cc12,(Thio)Urea
242,CC[C@H]1C[N@]2CC[C@@H]1C[C@H]2[C@H](Oc1ccc(O[C@H](c2ccnc3ccc(OC)cc23)[C@@H]2C[C@H]3CC[N@@]2C[C@@H]3CC)nn1)c1ccnc2ccc(OC)cc12,Cinchona Alkaloid
243,CC[C@H]1C[N@]2CC[C@@H]1C[C@H]2[C@H](Oc1ccc(O[C@H](c2ccnc3ccc(OC)cc23)[C@@H]2C[C@H]3CC[N@@]2C[C@@H]3CC)c2c1C(=O)c1ccccc1C2=O)c1ccnc2ccc(OC)cc12,Cinchona Alkaloid
244,C=C[C@H]1C[N@@]2CC[C@H]1C[C@H]2[C@H](O)c1ccnc2ccc(O)cc12,Cinchona Alkaloid
245,C=C[C@H]1C[N@@]2CC[C@H]1C[C@H]2[C@H](N)c1ccnc2ccc(OC)cc12,Cinchona Alkaloid
246,CC[C@]12C[N@@]3CC[C@H]1CC3[C@H](c1ccnc3ccc(O)cc13)O2,Cinchona Alkaloid
247,C=C[C@H]1C[N@@]2CC[C@H]1C[C@H]2[C@H](OCc1ccccc1)c1ccnc2ccc(O)cc12,Cinchona Alkaloid
248,C=C[C@H]1C[N@@]2CC[C@H]1C[C@H]2[C@H](OCc1cccc2ccccc12)c1ccnc2ccc(O)cc12,Cinchona Alkaloid
249,C=C[C@@H]1C[N@]2CC[C@@H]1C[C@@H]2[C@@H](OCc1cccc2ccccc12)c1ccnc2ccc(NC(=S)Nc3cc(C(F)(F)F)cc(C(F)(F)F)c3)cc12,(Thio)Urea
250,C=C[C@@H]1C[N@]2CC[C@@H]1C[C@@H]2[C@@H](OCc1cccc2ccccc12)c1ccnc2ccc(NC(=O)Nc3cc(C(F)(F)F)cc(C(F)(F)F)c3)cc12,(Thio)Urea
251,C=C[C@@H]1C[N@@]2CC[C@@H]1CC2[C@H](O)c1ccnc2ccc(OC)cc12,Cinchona Alkaloid
252,C=C[C@@H]1C[N@@]2CC[C@@H]1CC2[C@@H](NC(=S)Nc1ccc(OC)cc1)c1ccnc2ccc(OC)cc12,(Thio)Urea
253,C=C[C@@H]1C[N@@]2CC[C@@H]1CC2[C@@H](NC(=S)Nc1ccc(C(F)(F)F)cc1)c1ccnc2ccc(OC)cc12,(Thio)Urea
254,C=C[C@@H]1C[N@@]2CC[C@@H]1CC2[C@@H](NC(=S)Nc1cc(C(F)(F)F)ccc1F)c1ccnc2ccc(OC)cc12,(Thio)Urea
255,C=C[C@@H]1C[N@@]2CC[C@@H]1CC2[C@@H](NC(=S)Nc1cc(C(F)(F)F)cc(C(F)(F)F)c1)c1ccnc2ccc(OC)cc12,(Thio)Urea
256,C=C[C@@H]1C[N@@]2CC[C@@H]1CC2[C@H](NC(=S)Nc1cc(C(F)(F)F)cc(C(F)(F)F)c1)c1ccnc2ccc(OC)cc12,(Thio)Urea
257,C=C[C@H]1C[N@@]2CC[C@H]1C[C@H]2[C@@H](Nc1c(NC23C[C@H]4C[C@@H](C2)C[C@@H](C3)C4)c(=O)c1=O)c1ccnc2ccc(OC)cc12,Squaramide
258,C=C[C@H]1C[N@@]2CC[C@H]1C[C@H]2[C@@H](Nc1c(NC2C3C[C@H]4C[C@@H](C3)C[C@@H]2C4)c(=O)c1=O)c1ccnc2ccc(OC)cc12,Squaramide
259,C=C[C@H]1C[N@@]2CC[C@H]1C[C@H]2[C@@H](Nc1c(NC(C)(C)C)c(=O)c1=O)c1ccnc2ccc(OC)cc12,Squaramide
260,C=C[C@H]1C[N@@]2CC[C@H]1CC2[C@@H](NC(=O)Nc1cc(C(F)(F)F)cc(C(F)(F)F)c1)c1ccnc2ccc(OC)cc12,(Thio)Urea
261,C=C[C@H]1C[N@@]2CC[C@H]1C[C@H]2[C@@H](Nc1c(Nc2cc(C(F)(F)F)cc(C(F)(F)F)c2)c(=O)c1=O)c1ccnc2ccc(OC)cc12,Squaramide
262,C=C[C@H]1C[N@@]2CC[C@H]1C[C@H]2[C@@H](Nc1c(Nc2ccc(C(F)(F)F)cc2)c(=O)c1=O)c1ccnc2ccc(OC)cc12,Squaramide
263,C=C[C@H]1C[N@@]2CC[C@H]1C[C@H]2[C@H](Nc1c(Nc2cc(C(F)(F)F)cc(C(F)(F)F)c2)c(=O)c1=O)c1ccnc2ccccc12,Squaramide
264,C=C[C@H]1C[N@@]2CC[C@H]1C[C@H]2[C@@H](Nc1c(N[C@@H](c2ccnc3ccc(OC)cc23)[C@@H]2C[C@@H]3CC[N@]2C[C@@H]3C=C)c(=O)c1=O)c1ccnc2ccc(OC)cc12,Squaramide
265,CC[C@H]1C[N@@]2CC[C@H]1C[C@H]2[C@@H](Nc1c(N[C@@H](c2ccnc3ccc(OC)cc23)[C@@H]2C[C@@H]3CC[N@]2C[C@@H]3CC)c(=O)c1=O)c1ccnc2ccc(OC)cc12,Squaramide
266,O=c1c(Nc2cc(C(F)(F)F)cc(C(F)(F)F)c2)c(N[C@H]2CCCC[C@@H]2N2CCCCC2)c1=O,Squaramide
267,CN(C)[C@H]1CCCC[C@@H]1Nc1c(Nc2cc(C(F)(F)F)cc(C(F)(F)F)c2)c(=O)c1=O,Squaramide
268,O=c1c(Nc2cc(C(F)(F)F)cc(C(F)(F)F)c2)c(N[C@H]2CCCC[C@@H]2N(Cc2ccccc2)Cc2ccccc2)c1=O,Squaramide
269,FC(F)(F)c1cc(NC(=S)N[C@H]2CCCC[C@@H]2N2CCCCC2)cc(C(F)(F)F)c1,(Thio)Urea
270,C=C[C@H]1CN2CC[C@H]1C[C@H]2[C@@H](NC(=S)Nc1cc(C(F)(F)F)cc(C(F)(F)F)c1)c1ccnc2ccc(OC)cc12,(Thio)Urea
271,C=C[C@H]1CN2CC[C@H]1C[C@H]2[C@@H](Nc1c(Nc2cc(C(F)(F)F)cc(C(F)(F)F)c2)c(=O)c1=O)c1ccnc2ccc(OC)cc12,Squaramide
272,C=C[C@H]1CN2CC[C@H]1C[C@H]2[C@@H](Nc1c(Nc2cc(C(F)(F)F)cc(C(F)(F)F)c2)c(=O)c1=O)c1ccnc2ccccc12,Squaramide
273,CC[C@H]1C[N@@]2CC[C@H]1C[C@H]2[C@@H](Nc1c(Nc2cc(C(F)(F)F)cc(C(F)(F)F)c2)c(=O)c1=O)c1ccnc2ccc(OC)cc12,Squaramide
274,CC[C@H]1C[N@@]2CC[C@H]1C[C@H]2[C@@H](Nc1c(Nc2ccc(C(F)(F)F)cc2)c(=O)c1=O)c1ccnc2ccc(OC)cc12,Squaramide
275,C=C[C@H]1C[N@@]2CC[C@H]1C[C@H]2[C@@H](Nc1c(Nc2cc(C(F)(F)F)cc(C(F)(F)F)c2)c(=O)c1=O)c1ccnc2ccccc12,Squaramide
276,CC[C@H]1C[N@@]2CC[C@H]1C[C@H]2[C@@H](Nc1c(Nc2cc(C(F)(F)F)cc(C(F)(F)F)c2)c(=O)c1=O)c1ccnc2ccccc12,Squaramide
277,CC[C@H]1C[N@@]2CC[C@H]1C[C@H]2[C@@H](Nc1c(N[C@H]2O[C@H](COC(C)=O)[C@H](OC(C)=O)C(OC(C)=O)[C@@H]2OC(C)=O)c(=O)c1=O)c1ccnc2ccc(OC)cc12,Squaramide
278,O=c1c(Nc2ccc(C(F)(F)F)cc2)c(N[C@@H]2CCCC[C@H]2N2CCCCC2)c1=O,Squaramide
279,CC[C@H]1C[N@@]2CC[C@H]1C[C@@H]2[C@@H](Nc1c(NC2O[C@H](COC(C)=O)C(OC(C)=O)[C@@H](OC(C)=O)[C@H]2OC(C)=O)c(=O)c1=O)c1ccnc2ccc(OC)cc12,Squaramide
280,CC[C@H]1C[N@@]2CC[C@H]1C[C@@H]2[C@H](Nc1c(Nc2cc(C(F)(F)F)cc(C(F)(F)F)c2)c(=O)c1=O)c1ccnc2ccc(OC)cc12,Squaramide
281,CN(C)[C@@H]1CCCC[C@H]1Nc1c(Nc2cc(C(F)(F)F)cc(C(F)(F)F)c2)c(=O)c1=O,Squaramide
282,C=C[C@H]1C[N@@]2CC[C@H]1C[C@@H]2[C@@H](NC(=S)Nc1cc(C(F)(F)F)cc(C(F)(F)F)c1)c1ccnc2ccc(OC)cc12,(Thio)Urea
283,C=C[C@H]1C[N@@]2CC[C@H]1C[C@@H]2[C@@H](Nc1c(Nc2cc(C(F)(F)F)cc(C(F)(F)F)c2)c(=O)c1=O)c1ccnc2ccc(OC)cc12,Squaramide
284,CN(C)c1ccnc(N[C@H]2CCCC[C@H]2Nc2c(NC34C[C@H]5C[C@@H](C3)C[C@@H](C4)C5)c(=O)c2=O)c1,Squaramide
285,CN(C)c1ccnc(N[C@H]2CCCC[C@H]2Nc2c(NC(C)(C)C)c(=O)c2=O)c1,Squaramide
286,C=C[C@H]1C[N@@]2CC[C@H]1C[C@H]2[C@@H](NC(=O)Nc1cc(C(F)(F)F)cc(C(F)(F)F)c1)c1ccnc2ccc(OC)cc12,(Thio)Urea
287,C=C[C@H]1C[N@@]2CC[C@H]1C[C@@H]2[C@@H](N)c1ccnc2ccc(OC)cc12,Cinchona Alkaloid
288,C=C[C@H]1C[N@@]2CC[C@H]1C[C@@H]2[C@@H](O)c1ccnc2ccc(OC)cc12,Cinchona Alkaloid
289,Cc1cc(C)cc(C(c2cc(C)cc(C)c2)[C@@H]2CCCN2)c1,Secondary Amine
290,O=C(N[C@@H](Cc1ccccc1)C[P+](Cc1ccccc1)(c1ccccc1)c1ccccc1)c1cc(C(F)(F)F)cc(C(F)(F)F)c1,Misc
291,O=C(Nc1cc(C(F)(F)F)cc(C(F)(F)F)c1)N[C@@H](Cc1ccccc1)C[P+](Cc1ccccc1)(c1ccccc1)c1ccccc1,(Thio)Urea
292,FC(F)(F)c1cc(NC(=S)N[C@@H](Cc2ccccc2)C[P+](Cc2ccccc2)(c2ccccc2)c2ccccc2)cc(C(F)(F)F)c1,(Thio)Urea
293,CC(C)(C)[C@@H](C[P+](Cc1ccccc1)(c1ccccc1)c1ccccc1)NC(=S)Nc1cc(C(F)(F)F)cc(C(F)(F)F)c1,(Thio)Urea
294,CC[C@H](C)[C@@H](C[P+](Cc1ccccc1)(c1ccccc1)c1ccccc1)NC(=S)Nc1cc(C(F)(F)F)cc(C(F)(F)F)c1,(Thio)Urea
295,CC[C@H](C)[C@@H](C[P+](Cc1ccccc1)(c1ccccc1)c1ccccc1)NC(=S)Nc1ccccc1,(Thio)Urea
296,CC[C@H](C)[C@@H](C[P+](Cc1ccccc1)(c1ccccc1)c1ccccc1)NC(=S)Nc1ccc(OC)cc1,(Thio)Urea
297,CC[C@H](C)[C@@H](C[P+](Cc1ccccc1)(c1ccccc1)c1ccccc1)NC(=S)Nc1ccc(F)cc1,(Thio)Urea
298,CC[C@H](C)[C@@H](C[P+](Cc1ccc2ccccc2c1)(c1ccccc1)c1ccccc1)NC(=S)Nc1cc(C(F)(F)F)cc(C(F)(F)F)c1,(Thio)Urea
299,CC[C@H](C)[C@@H](C[P+](Cc1ccc(F)cc1)(c1ccccc1)c1ccccc1)NC(=S)Nc1cc(C(F)(F)F)cc(C(F)(F)F)c1,(Thio)Urea
300,CC[C@H](C)[C@@H](C[P+](Cc1ccc(C)cc1)(c1ccccc1)c1ccccc1)NC(=S)Nc1cc(C(F)(F)F)cc(C(F)(F)F)c1,(Thio)Urea
301,C=C[C@H]1C[C@H]2CC[N@@]1[C@@H]([C@@H](O)c1ccnc3ccc(OC)cc13)C2,Cinchona Alkaloid
302,CC[C@H]1C[C@H]2CC[N@@]1[C@@H]([C@@H](O)c1ccnc3ccc(OC)cc13)C2,Cinchona Alkaloid
303,FC(F)(F)c1cc(NC(=S)N[C@@H]2CCCC[C@H]2NC(=S)Nc2cc(C(F)(F)F)cc(C(F)(F)F)c2)cc(C(F)(F)F)c1,(Thio)Urea
304,N[C@H]1Cc2ccccc2[C@@H]1NC(=S)Nc1cc(C(F)(F)F)cc(C(F)(F)F)c1,(Thio)Urea
305,O[C@H]1Cc2ccccc2[C@@H]1NC(=S)Nc1cc(C(F)(F)F)cc(C(F)(F)F)c1,(Thio)Urea
306,CNc1ccc2ccccc2c1-c1c(NC(=S)Nc2cc(C(F)(F)F)cc(C(F)(F)F)c2)ccc2ccccc12,(Thio)Urea
307,CC(C)c1cc(C(C)C)c(-c2cc3ccccc3c3c2OP(=O)(O)Oc2c(-c4c(C(C)C)cc(C(C)C)cc4C(C)C)cc4ccccc4c2-3)c(C(C)C)c1,BA
308,O=P1(O)Oc2c(-c3cccc4ccccc34)cc3ccccc3c2-c2c(c(-c3cccc4ccccc34)cc3ccccc23)O1,BA
309,O=P1(O)Oc2c(-c3cc4ccccc4c4ccccc34)cc3ccccc3c2-c2c(c(-c3cc4ccccc4c4ccccc34)cc3ccccc23)O1,BA
310,O=P1(O)Oc2c([Si](c3ccccc3)(c3ccccc3)c3ccccc3)cc3ccccc3c2-c2c(c([Si](c3ccccc3)(c3ccccc3)c3ccccc3)cc3ccccc23)O1,BA
311,Oc1c(-c2c(-c3ccccc3)cc3ccc4ccccc4c3c2O)c(-c2ccccc2)cc2ccc3ccccc3c12,BA
312,O=P1(O)Oc2c(-c3c4ccccc4cc4ccccc34)cc3c(c2-c2c4c(cc(-c5c6ccccc6cc6ccccc56)c2O1)CCCC4)CCCC3,BA
313,O=P1(O)Oc2c(-c3c(C4CCCCC4)cc(C4CCCCC4)cc3C3CCCCC3)cc3ccccc3c2-c2c(c(-c3c(C4CCCCC4)cc(C4CCCCC4)cc3C3CCCCC3)cc3ccccc23)O1,BA
314,O=P1(O)Oc2c(c(-c3ccccc3)cc3ccc4ccccc4c23)-c2c(-c3ccccc3)cc3ccc4ccccc4c3c2O1,BA
315,O=[N+]([O-])c1ccc(NC(=S)N[C@@H]2CCCC[C@H]2N2CCCC2)cc1,(Thio)Urea
316,C=C[C@H]1C[N@@]2CC[C@H]1C[C@@H]2[C@@H](OCc1ccccc1)c1ccnc2ccc(O)cc12,Cinchona Alkaloid
317,C=C[C@H]1C[N@@]2CC[C@H]1C[C@@H]2[C@@H](Oc1cc2ccccc2c2ccccc12)c1ccnc2ccc(O)cc12,Cinchona Alkaloid
318,C=C[C@H]1C[N@@]2CC[C@H]1C[C@@H]2[C@@H](OC(C)=O)c1ccnc2ccc(O)cc12,Cinchona Alkaloid
319,C=C[C@H]1C[N@@]2CC[C@H]1C[C@@H]2[C@@H](OC(=O)c1ccccc1)c1ccnc2ccc(O)cc12,Cinchona Alkaloid
320,C=C[C@H]1C[N@@]2CC[C@H]1C[C@@H]2[C@@H](Oc1cc(C(F)(F)F)cc(C(F)(F)F)c1)c1ccnc2ccc(O)cc12,Cinchona Alkaloid
321,C=C[C@H]1C[N@@]2CC[C@H]1C[C@@H]2[C@@H](OC(=O)Cc1ccccc1)c1ccnc2ccc(O)cc12,Cinchona Alkaloid
322,C=C[C@H]1C[N@@]2CC[C@H]1C[C@@H]2[C@@H](OC(C)=O)c1ccnc2ccc(OC)cc12,Cinchona Alkaloid
323,C=C[C@H]1C[N@@]2CC[C@H]1C[C@@H]2[C@@H](O)c1ccnc2ccc(O)cc12,Cinchona Alkaloid
324,CO[C@@H]1O[C@@H]2COC(c3ccccc3)O[C@H]2[C@@H](O)[C@@H]1N,Misc
325,CO[C@H]1O[C@H](COCc2ccccc2)[C@@H](OCc2ccccc2)[C@H](OCc2ccccc2)[C@H]1N,Misc
326,N[C@H]1[C@@H](OCc2ccccc2)O[C@H](COCc2ccccc2)[C@@H](OCc2ccccc2)[C@@H]1OCc1ccccc1,Misc
327,N[C@H]1[C@H](OCc2ccccc2)O[C@H](COCc2ccccc2)[C@@H](OCc2ccccc2)[C@@H]1OCc1ccccc1,Misc
328,C=C[C@H]1C[N@@]2CC[C@H]1C[C@@H]2[C@@H](O)c1ccnc2ccccc12,Cinchona Alkaloid
329,C=CC1C[N@]2CC[C@H]1CC2C(NS(=O)(=O)c1cccc2cccnc12)c1ccnc2ccc(OC)cc12,Cinchona Alkaloid
330,C=C[C@H]1C[N@@]2CC[C@H]1C[C@H]2[C@H](NS(=O)(=O)c1cccc2cccnc12)c1ccnc2ccccc12,Cinchona Alkaloid
331,C=C[C@@H]1C[N@]2CC[C@@H]1C[C@@H]2[C@@H](NS(=O)(=O)c1cccc2cccnc12)c1ccnc2ccccc12,Cinchona Alkaloid
332,C=C[C@@H]1C[N@]2CC[C@@H]1C[C@@H]2[C@@H](NS(=O)(=O)c1cccc2cccnc12)c1ccnc2ccc(OC)cc12,Cinchona Alkaloid
333,C=C[C@H]1C[N@@]2CC[C@H]1C[C@H]2[C@H](NS(=O)(=O)c1ccc(C)cc1)c1ccnc2ccccc12,Cinchona Alkaloid
334,C=C[C@H]1C[N@@]2CC[C@H]1C[C@H]2[C@H](NS(=O)(=O)c1cccc2ccccc12)c1ccnc2ccccc12,Cinchona Alkaloid
335,C=C[C@H]1C[N@@]2CC[C@H]1C[C@H]2[C@H](NS(=O)(=O)c1ccccn1)c1ccnc2ccccc12,Cinchona Alkaloid
336,C=C[C@H]1C[N@@]2CC[C@H]1C[C@H]2[C@H](NS(=O)(=O)c1cccs1)c1ccnc2ccccc12,Cinchona Alkaloid
337,CN(C)[C@H](c1ccccc1)[C@H](NC(=S)Nc1ccccc1)c1ccccc1,(Thio)Urea
338,CC[C@H]1C[N@@]2CC[C@H]1C[C@H]2[C@H](O)c1ccnc2ccc(OC)cc12,Cinchona Alkaloid
339,C=C[C@H]1C[N@@]2CC[C@H]1C[C@H]2[C@H](OCc1ccccc1)c1ccnc2ccc(OC)cc12,Cinchona Alkaloid
340,C=C[C@H]1C[N@@]2CC[C@H]1C[C@H]2[C@H](OCc1cccc2ccccc12)c1ccnc2ccc(OC)cc12,Cinchona Alkaloid
341,C=C[C@H]1C[N@@]2CC[C@H]1C[C@H]2[C@H](Oc1cc2ccccc2c2ccccc12)c1ccnc2ccc(O)cc12,Cinchona Alkaloid
342,C=C[C@H]1C[N@@]2CC[C@H]1C[C@@H]2[C@H](N)c1ccnc2ccc(OC)cc12,Cinchona Alkaloid
343,COc1cc(NC(=S)N[C@@H]2CCCC[C@H]2N2CCCCC2)cc(OC)c1,(Thio)Urea
344,CN(C)C[C@@H](N)C(C)(C)C,Primary Amine